"","quarter","ageg10","sex","hiv","n","q","pop","inc","count"
"1",2012-10-01,"15-24","females","Negative",28,1,129510,21.6199521272489,"28"
"2",2012-10-01,"15-24","females","Positive",43,1,129510,33.202069338275,"43"
"3",2012-10-01,"15-24","females",NA,25,1,129510,19.3035286850436,"25"
"4",2012-10-01,"15-24","males","Negative",32,1,119197,26.8463132461387,"32"
"5",2012-10-01,"15-24","males","Positive",18,1,119197,15.101051200953,"18"
"6",2012-10-01,"15-24","males",NA,30,1,119197,25.1684186682551,"30"
"7",2012-10-01,"25-34","females","Negative",21,1,94609,22.1966197719033,"21"
"8",2012-10-01,"25-34","females","Positive",129,1,94609,136.35066431312,"129"
"9",2012-10-01,"25-34","females",NA,31,1,94609,32.7664387109049,"31"
"10",2012-10-01,"25-34","males","Negative",32,1,96894,33.025780750098,"32"
"11",2012-10-01,"25-34","males","Positive",72,1,96894,74.3080066877206,"72"
"12",2012-10-01,"25-34","males",NA,35,1,96894,36.1219476954197,"35"
"13",2012-10-01,"35-44","females","Negative",12,1,51523,23.2905692603303,"12"
"14",2012-10-01,"35-44","females","Positive",77,1,51523,149.447819420453,"77"
"15",2012-10-01,"35-44","females",NA,20,1,51523,38.8176154338839,"20"
"16",2012-10-01,"35-44","males","Negative",12,1,59627,20.1251111073842,"12"
"17",2012-10-01,"35-44","males","Positive",124,1,59627,207.95948144297,"124"
"18",2012-10-01,"35-44","males",NA,48,1,59627,80.500444429537,"48"
"19",2012-10-01,"45-54","females","Negative",9,1,24832,36.2435567010309,"9"
"20",2012-10-01,"45-54","females","Positive",35,1,24832,140.947164948454,"35"
"21",2012-10-01,"45-54","females",NA,15,1,24832,60.4059278350515,"15"
"22",2012-10-01,"45-54","males","Negative",14,1,28058,49.8966426687576,"14"
"23",2012-10-01,"45-54","males","Positive",50,1,28058,178.202295245563,"50"
"24",2012-10-01,"45-54","males",NA,16,1,28058,57.0247344785801,"16"
"25",2012-10-01,"55-64","females","Negative",17,1,14743,115.308960184494,"17"
"26",2012-10-01,"55-64","females","Positive",14,1,14743,94.9603201519365,"14"
"27",2012-10-01,"55-64","females",NA,20,1,14743,135.657600217052,"20"
"28",2012-10-01,"55-64","males","Negative",14,1,15591,89.7953947790392,"14"
"29",2012-10-01,"55-64","males","Positive",14,1,15591,89.7953947790392,"14"
"30",2012-10-01,"55-64","males",NA,12,1,15591,76.9674812391765,"12"
"31",2012-10-01,"65+","females","Negative",25,1,14427,173.286199487073,"25"
"32",2012-10-01,"65+","females","Positive",6,1,14427,41.5886878768975,"6"
"33",2012-10-01,"65+","females",NA,33,1,14427,228.737783322936,"33"
"34",2012-10-01,"65+","males","Negative",22,1,12778,172.17091876663,"22"
"35",2012-10-01,"65+","males","Positive",9,1,12778,70.4335576772578,"9"
"36",2012-10-01,"65+","males",NA,25,1,12778,195.648771325716,"25"
"37",2013-01-01,"15-24","females","Negative",39,2,130284,29.9346044026895,"39"
"38",2013-01-01,"15-24","females","Positive",38,2,130284,29.1670504436462,"38"
"39",2013-01-01,"15-24","females",NA,41,2,130284,31.4697123207761,"41"
"40",2013-01-01,"15-24","males","Negative",33,2,120081,27.4814500212357,"33"
"41",2013-01-01,"15-24","males","Positive",17,2,120081,14.1571106170002,"17"
"42",2013-01-01,"15-24","males",NA,41,2,120081,34.1436197233534,"41"
"43",2013-01-01,"25-34","females","Negative",24,2,95045,25.2511968015151,"24"
"44",2013-01-01,"25-34","females","Positive",133,2,95045,139.933715608396,"133"
"45",2013-01-01,"25-34","females",NA,55,2,95045,57.867326003472,"55"
"46",2013-01-01,"25-34","males","Negative",32,2,96926,33.0148773290964,"32"
"47",2013-01-01,"25-34","males","Positive",94,2,96926,96.9812021542208,"94"
"48",2013-01-01,"25-34","males",NA,54,2,96926,55.7126054928502,"54"
"49",2013-01-01,"35-44","females","Negative",17,2,52331,32.4855248323174,"17"
"50",2013-01-01,"35-44","females","Positive",99,2,52331,189.180409317613,"99"
"51",2013-01-01,"35-44","females",NA,21,2,52331,40.1291777340391,"21"
"52",2013-01-01,"35-44","males","Negative",14,2,60374,23.1887898764369,"14"
"53",2013-01-01,"35-44","males","Positive",122,2,60374,202.073740351807,"122"
"54",2013-01-01,"35-44","males",NA,37,2,60374,61.2846589591546,"37"
"55",2013-01-01,"45-54","females","Negative",14,2,25063,55.8592347284842,"14"
"56",2013-01-01,"45-54","females","Positive",37,2,25063,147.627977496708,"37"
"57",2013-01-01,"45-54","females",NA,15,2,25063,59.8491800662331,"15"
"58",2013-01-01,"45-54","males","Negative",12,2,28394,42.2624498133408,"12"
"59",2013-01-01,"45-54","males","Positive",53,2,28394,186.659153342255,"53"
"60",2013-01-01,"45-54","males",NA,24,2,28394,84.5248996266817,"24"
"61",2013-01-01,"55-64","females","Negative",15,2,14844,101.050929668553,"15"
"62",2013-01-01,"55-64","females","Positive",9,2,14844,60.6305578011318,"9"
"63",2013-01-01,"55-64","females",NA,17,2,14844,114.524386957693,"17"
"64",2013-01-01,"55-64","males","Negative",11,2,15650,70.2875399361022,"11"
"65",2013-01-01,"55-64","males","Positive",22,2,15650,140.575079872204,"22"
"66",2013-01-01,"55-64","males",NA,33,2,15650,210.862619808307,"33"
"67",2013-01-01,"65+","females","Negative",13,2,14565,89.2550635084106,"13"
"68",2013-01-01,"65+","females","Positive",NA,2,14565,NA,"<5"
"69",2013-01-01,"65+","females",NA,33,2,14565,226.570545829042,"33"
"70",2013-01-01,"65+","males","Negative",15,2,12893,116.342201194447,"15"
"71",2013-01-01,"65+","males","Positive",8,2,12893,62.0491739703715,"8"
"72",2013-01-01,"65+","males",NA,32,2,12893,248.196695881486,"32"
"73",2013-04-01,"15-24","females","Negative",36,3,131058,27.4687542919929,"36"
"74",2013-04-01,"15-24","females","Positive",66,3,131058,50.3593828686536,"66"
"75",2013-04-01,"15-24","females",NA,52,3,131058,39.6770895328786,"52"
"76",2013-04-01,"15-24","males","Negative",39,3,120965,32.2407307898979,"39"
"77",2013-04-01,"15-24","males","Positive",21,3,120965,17.3603935022527,"21"
"78",2013-04-01,"15-24","males",NA,50,3,120965,41.3342702434589,"50"
"79",2013-04-01,"25-34","females","Negative",25,3,95482,26.1829454766343,"25"
"80",2013-04-01,"25-34","females","Positive",143,3,95482,149.766448126348,"143"
"81",2013-04-01,"25-34","females",NA,58,3,95482,60.7444335057917,"58"
"82",2013-04-01,"25-34","males","Negative",20,3,96957,20.6277009395918,"20"
"83",2013-04-01,"25-34","males","Positive",115,3,96957,118.609280402653,"115"
"84",2013-04-01,"25-34","males",NA,57,3,96957,58.7889476778366,"57"
"85",2013-04-01,"35-44","females","Negative",13,3,53139,24.4641412145505,"13"
"86",2013-04-01,"35-44","females","Positive",106,3,53139,199.476843749412,"106"
"87",2013-04-01,"35-44","females",NA,32,3,53139,60.2194245281244,"32"
"88",2013-04-01,"35-44","males","Negative",17,3,61121,27.8136810588832,"17"
"89",2013-04-01,"35-44","males","Positive",137,3,61121,224.145547356882,"137"
"90",2013-04-01,"35-44","males",NA,43,3,61121,70.3522520901163,"43"
"91",2013-04-01,"45-54","females","Negative",10,3,25295,39.5335046451868,"10"
"92",2013-04-01,"45-54","females","Positive",41,3,25295,162.087369045266,"41"
"93",2013-04-01,"45-54","females",NA,27,3,25295,106.740462542004,"27"
"94",2013-04-01,"45-54","males","Negative",15,3,28731,52.2084159966587,"15"
"95",2013-04-01,"45-54","males","Positive",52,3,28731,180.989175455083,"52"
"96",2013-04-01,"45-54","males",NA,27,3,28731,93.9751487939856,"27"
"97",2013-04-01,"55-64","females","Negative",14,3,14945,93.6768149882904,"14"
"98",2013-04-01,"55-64","females","Positive",23,3,14945,153.89762462362,"23"
"99",2013-04-01,"55-64","females",NA,27,3,14945,180.662428905989,"27"
"100",2013-04-01,"55-64","males","Negative",16,3,15708,101.858925388337,"16"
"101",2013-04-01,"55-64","males","Positive",15,3,15708,95.4927425515661,"15"
"102",2013-04-01,"55-64","males",NA,26,3,15708,165.520753756048,"26"
"103",2013-04-01,"65+","females","Negative",13,3,14702,88.4233437627534,"13"
"104",2013-04-01,"65+","females","Positive",9,3,14702,61.2161610665216,"9"
"105",2013-04-01,"65+","females",NA,53,3,14702,360.495170725071,"53"
"106",2013-04-01,"65+","males","Negative",24,3,13007,184.516029830091,"24"
"107",2013-04-01,"65+","males","Positive",7,3,13007,53.81717536711,"7"
"108",2013-04-01,"65+","males",NA,33,3,13007,253.709541016376,"33"
"109",2013-07-01,"15-24","females","Negative",13,4,131832,9.86103525699375,"13"
"110",2013-07-01,"15-24","females","Positive",42,4,131832,31.858729291826,"42"
"111",2013-07-01,"15-24","females",NA,61,4,131832,46.2710115905091,"61"
"112",2013-07-01,"15-24","males","Negative",35,4,121848,28.7243122578951,"35"
"113",2013-07-01,"15-24","males","Positive",15,4,121848,12.3104195390979,"15"
"114",2013-07-01,"15-24","males",NA,59,4,121848,48.4209835204517,"59"
"115",2013-07-01,"25-34","females","Negative",21,4,95917,21.8939291262237,"21"
"116",2013-07-01,"25-34","females","Positive",140,4,95917,145.959527508158,"140"
"117",2013-07-01,"25-34","females",NA,82,4,95917,85.4905803976355,"82"
"118",2013-07-01,"25-34","males","Negative",24,4,96990,24.7448190535107,"24"
"119",2013-07-01,"25-34","males","Positive",109,4,96990,112.382719868028,"109"
"120",2013-07-01,"25-34","males",NA,80,4,96990,82.4827301783689,"80"
"121",2013-07-01,"35-44","females","Negative",7,4,53948,12.9754578482984,"7"
"122",2013-07-01,"35-44","females","Positive",100,4,53948,185.363683547119,"100"
"123",2013-07-01,"35-44","females",NA,52,4,53948,96.3891154445021,"52"
"124",2013-07-01,"35-44","males","Negative",17,4,61869,27.4774119510579,"17"
"125",2013-07-01,"35-44","males","Positive",136,4,61869,219.819295608463,"136"
"126",2013-07-01,"35-44","males",NA,65,4,61869,105.060692754045,"65"
"127",2013-07-01,"45-54","females","Negative",14,4,25525,54.8481880509305,"14"
"128",2013-07-01,"45-54","females","Positive",41,4,25525,160.626836434868,"41"
"129",2013-07-01,"45-54","females",NA,49,4,25525,191.968658178257,"49"
"130",2013-07-01,"45-54","males","Negative",6,4,29067,20.641965115079,"6"
"131",2013-07-01,"45-54","males","Positive",55,4,29067,189.21801355489,"55"
"132",2013-07-01,"45-54","males",NA,34,4,29067,116.971135652114,"34"
"133",2013-07-01,"55-64","females","Negative",12,4,15045,79.7607178464606,"12"
"134",2013-07-01,"55-64","females","Positive",13,4,15045,86.4074443336657,"13"
"135",2013-07-01,"55-64","females",NA,41,4,15045,272.515785975407,"41"
"136",2013-07-01,"55-64","males","Negative",13,4,15766,82.4559177977927,"13"
"137",2013-07-01,"55-64","males","Positive",29,4,15766,183.940124318153,"29"
"138",2013-07-01,"55-64","males",NA,26,4,15766,164.911835595585,"26"
"139",2013-07-01,"65+","females","Negative",10,4,14838,67.3945275643618,"10"
"140",2013-07-01,"65+","females","Positive",7,4,14838,47.1761692950532,"7"
"141",2013-07-01,"65+","females",NA,87,4,14838,586.332389809947,"87"
"142",2013-07-01,"65+","males","Negative",29,4,13121,221.019739349135,"29"
"143",2013-07-01,"65+","males","Positive",12,4,13121,91.4564438686076,"12"
"144",2013-07-01,"65+","males",NA,59,4,13121,449.660849020654,"59"
"145",2013-10-01,"15-24","females","Negative",29,5,132606,21.869297015218,"29"
"146",2013-10-01,"15-24","females","Positive",48,5,132606,36.1974571286367,"48"
"147",2013-10-01,"15-24","females",NA,36,5,132606,27.1480928464775,"36"
"148",2013-10-01,"15-24","males","Negative",12,5,122732,9.77740116676987,"12"
"149",2013-10-01,"15-24","males","Positive",25,5,122732,20.3695857641039,"25"
"150",2013-10-01,"15-24","males",NA,44,5,122732,35.8504709448229,"44"
"151",2013-10-01,"25-34","females","Negative",18,5,96353,18.6813072763692,"18"
"152",2013-10-01,"25-34","females","Positive",118,5,96353,122.466347700642,"118"
"153",2013-10-01,"25-34","females",NA,62,5,96353,64.3467250630494,"62"
"154",2013-10-01,"25-34","males","Negative",19,5,97022,19.5831873183402,"19"
"155",2013-10-01,"25-34","males","Positive",90,5,97022,92.7624662447692,"90"
"156",2013-10-01,"25-34","males",NA,85,5,97022,87.6089958978376,"85"
"157",2013-10-01,"35-44","females","Negative",12,5,54756,21.9154065307911,"12"
"158",2013-10-01,"35-44","females","Positive",100,5,54756,182.628387756593,"100"
"159",2013-10-01,"35-44","females",NA,31,5,54756,56.6148002045438,"31"
"160",2013-10-01,"35-44","males","Negative",7,5,62616,11.1792513095694,"7"
"161",2013-10-01,"35-44","males","Positive",128,5,62616,204.420595374984,"128"
"162",2013-10-01,"35-44","males",NA,84,5,62616,134.151015714833,"84"
"163",2013-10-01,"45-54","females","Negative",14,5,25756,54.3562665010095,"14"
"164",2013-10-01,"45-54","females","Positive",46,5,25756,178.59916136046,"46"
"165",2013-10-01,"45-54","females",NA,29,5,25756,112.595123466377,"29"
"166",2013-10-01,"45-54","males","Negative",NA,5,29403,NA,"<5"
"167",2013-10-01,"45-54","males","Positive",51,5,29403,173.451688603204,"51"
"168",2013-10-01,"45-54","males",NA,37,5,29403,125.837499574873,"37"
"169",2013-10-01,"55-64","females","Negative",13,5,15146,85.8312425722963,"13"
"170",2013-10-01,"55-64","females","Positive",24,5,15146,158.457678595009,"24"
"171",2013-10-01,"55-64","females",NA,26,5,15146,171.662485144593,"26"
"172",2013-10-01,"55-64","males","Negative",5,5,15825,31.5955766192733,"5"
"173",2013-10-01,"55-64","males","Positive",26,5,15825,164.296998420221,"26"
"174",2013-10-01,"55-64","males",NA,34,5,15825,214.849921011058,"34"
"175",2013-10-01,"65+","females","Negative",16,5,14976,106.837606837607,"16"
"176",2013-10-01,"65+","females","Positive",NA,5,14976,NA,"<5"
"177",2013-10-01,"65+","females",NA,56,5,14976,373.931623931624,"56"
"178",2013-10-01,"65+","males","Negative",12,5,13236,90.6618313689937,"12"
"179",2013-10-01,"65+","males","Positive",NA,5,13236,NA,"<5"
"180",2013-10-01,"65+","males",NA,47,5,13236,355.092172861892,"47"
"181",2014-01-01,"15-24","females","Negative",37,6,133381,27.740082920356,"37"
"182",2014-01-01,"15-24","females","Positive",60,6,133381,44.9839182492259,"60"
"183",2014-01-01,"15-24","females",NA,33,6,133381,24.7411550370742,"33"
"184",2014-01-01,"15-24","males","Negative",21,6,123615,16.9882295837884,"21"
"185",2014-01-01,"15-24","males","Positive",24,6,123615,19.4151195243296,"24"
"186",2014-01-01,"15-24","males",NA,58,6,123615,46.9198721837965,"58"
"187",2014-01-01,"25-34","females","Negative",34,6,96789,35.1279587556437,"34"
"188",2014-01-01,"25-34","females","Positive",157,6,96789,162.208515430472,"157"
"189",2014-01-01,"25-34","females",NA,35,6,96789,36.1611340131627,"35"
"190",2014-01-01,"25-34","males","Negative",23,6,97054,23.6981474230841,"23"
"191",2014-01-01,"25-34","males","Positive",103,6,97054,106.126486285985,"103"
"192",2014-01-01,"25-34","males",NA,50,6,97054,51.5177117893132,"50"
"193",2014-01-01,"35-44","females","Negative",13,6,55564,23.3964437405514,"13"
"194",2014-01-01,"35-44","females","Positive",110,6,55564,197.969908573897,"110"
"195",2014-01-01,"35-44","females",NA,18,6,55564,32.3950759484558,"18"
"196",2014-01-01,"35-44","males","Negative",13,6,63364,20.5163815415693,"13"
"197",2014-01-01,"35-44","males","Positive",135,6,63364,213.05473139322,"135"
"198",2014-01-01,"35-44","males",NA,43,6,63364,67.8618774067294,"43"
"199",2014-01-01,"45-54","females","Negative",14,6,25987,53.8730903913495,"14"
"200",2014-01-01,"45-54","females","Positive",49,6,25987,188.555816369723,"49"
"201",2014-01-01,"45-54","females",NA,16,6,25987,61.5692461615423,"16"
"202",2014-01-01,"45-54","males","Negative",8,6,29741,26.8988937829932,"8"
"203",2014-01-01,"45-54","males","Positive",50,6,29741,168.118086143707,"50"
"204",2014-01-01,"45-54","males",NA,29,6,29741,97.5084899633503,"29"
"205",2014-01-01,"55-64","females","Negative",23,6,15249,150.829562594268,"23"
"206",2014-01-01,"55-64","females","Positive",17,6,15249,111.482720178372,"17"
"207",2014-01-01,"55-64","females",NA,32,6,15249,209.849826218113,"32"
"208",2014-01-01,"55-64","males","Negative",16,6,15884,100.730294636112,"16"
"209",2014-01-01,"55-64","males","Positive",17,6,15884,107.025938050869,"17"
"210",2014-01-01,"55-64","males",NA,22,6,15884,138.504155124654,"22"
"211",2014-01-01,"65+","females","Negative",20,6,15111,132.353914367017,"20"
"212",2014-01-01,"65+","females","Positive",7,6,15111,46.3238700284561,"7"
"213",2014-01-01,"65+","females",NA,58,6,15111,383.82635166435,"58"
"214",2014-01-01,"65+","males","Negative",18,6,13350,134.831460674157,"18"
"215",2014-01-01,"65+","males","Positive",10,6,13350,74.9063670411985,"10"
"216",2014-01-01,"65+","males",NA,66,6,13350,494.38202247191,"66"
"217",2014-04-01,"15-24","females","Negative",35,7,134155,26.089225150013,"35"
"218",2014-04-01,"15-24","females","Positive",56,7,134155,41.7427602400209,"56"
"219",2014-04-01,"15-24","females",NA,34,7,134155,25.3438187171555,"34"
"220",2014-04-01,"15-24","males","Negative",23,7,124499,18.4740439682246,"23"
"221",2014-04-01,"15-24","males","Positive",23,7,124499,18.4740439682246,"23"
"222",2014-04-01,"15-24","males",NA,45,7,124499,36.144868633483,"45"
"223",2014-04-01,"25-34","females","Negative",27,7,97225,27.7706351247107,"27"
"224",2014-04-01,"25-34","females","Positive",136,7,97225,139.88171766521,"136"
"225",2014-04-01,"25-34","females",NA,29,7,97225,29.8277192080226,"29"
"226",2014-04-01,"25-34","males","Negative",20,7,97087,20.6000803403133,"20"
"227",2014-04-01,"25-34","males","Positive",123,7,97087,126.690494092927,"123"
"228",2014-04-01,"25-34","males",NA,59,7,97087,60.7702370039243,"59"
"229",2014-04-01,"35-44","females","Negative",13,7,56374,23.0602760137652,"13"
"230",2014-04-01,"35-44","females","Positive",101,7,56374,179.160605953099,"101"
"231",2014-04-01,"35-44","females",NA,12,7,56374,21.286408628091,"12"
"232",2014-04-01,"35-44","males","Negative",15,7,64111,23.396920965201,"15"
"233",2014-04-01,"35-44","males","Positive",136,7,64111,212.132083417822,"136"
"234",2014-04-01,"35-44","males",NA,39,7,64111,60.8319945095225,"39"
"235",2014-04-01,"45-54","females","Negative",11,7,26218,41.9559081547029,"11"
"236",2014-04-01,"45-54","females","Positive",31,7,26218,118.23937752689,"31"
"237",2014-04-01,"45-54","females",NA,16,7,26218,61.0267754977496,"16"
"238",2014-04-01,"45-54","males","Negative",5,7,30076,16.6245511371193,"5"
"239",2014-04-01,"45-54","males","Positive",65,7,30076,216.119164782551,"65"
"240",2014-04-01,"45-54","males",NA,24,7,30076,79.7978454581726,"24"
"241",2014-04-01,"55-64","females","Negative",17,7,15350,110.749185667752,"17"
"242",2014-04-01,"55-64","females","Positive",13,7,15350,84.6905537459283,"13"
"243",2014-04-01,"55-64","females",NA,24,7,15350,156.351791530945,"24"
"244",2014-04-01,"55-64","males","Negative",19,7,15943,119.174559367748,"19"
"245",2014-04-01,"55-64","males","Positive",19,7,15943,119.174559367748,"19"
"246",2014-04-01,"55-64","males",NA,34,7,15943,213.259737815969,"34"
"247",2014-04-01,"65+","females","Negative",21,7,15249,137.713948455636,"21"
"248",2014-04-01,"65+","females","Positive",8,7,15249,52.4624565545282,"8"
"249",2014-04-01,"65+","females",NA,55,7,15249,360.679388812381,"55"
"250",2014-04-01,"65+","males","Negative",16,7,13463,118.844239768254,"16"
"251",2014-04-01,"65+","males","Positive",5,7,13463,37.1388249275793,"5"
"252",2014-04-01,"65+","males",NA,46,7,13463,341.677189333729,"46"
"253",2014-07-01,"15-24","females","Negative",49,8,134929,36.3153955043023,"49"
"254",2014-07-01,"15-24","females","Positive",44,8,134929,32.6097429018224,"44"
"255",2014-07-01,"15-24","females",NA,18,8,134929,13.3403493689274,"18"
"256",2014-07-01,"15-24","males","Negative",15,8,125384,11.9632488993811,"15"
"257",2014-07-01,"15-24","males","Positive",16,8,125384,12.7607988260065,"16"
"258",2014-07-01,"15-24","males",NA,38,8,125384,30.3068972117655,"38"
"259",2014-07-01,"25-34","females","Negative",36,8,97661,36.8622070222504,"36"
"260",2014-07-01,"25-34","females","Positive",158,8,97661,161.784130819877,"158"
"261",2014-07-01,"25-34","females",NA,27,8,97661,27.6466552666878,"27"
"262",2014-07-01,"25-34","males","Negative",20,8,97118,20.5935048085834,"20"
"263",2014-07-01,"25-34","males","Positive",116,8,97118,119.442327889784,"116"
"264",2014-07-01,"25-34","males",NA,56,8,97118,57.6618134640334,"56"
"265",2014-07-01,"35-44","females","Negative",14,8,57183,24.4828008324152,"14"
"266",2014-07-01,"35-44","females","Positive",126,8,57183,220.345207491737,"126"
"267",2014-07-01,"35-44","females",NA,14,8,57183,24.4828008324152,"14"
"268",2014-07-01,"35-44","males","Negative",15,8,64857,23.1278042462649,"15"
"269",2014-07-01,"35-44","males","Positive",125,8,64857,192.731702052207,"125"
"270",2014-07-01,"35-44","males",NA,43,8,64857,66.2997055059593,"43"
"271",2014-07-01,"45-54","females","Negative",25,8,26448,94.5251058681186,"25"
"272",2014-07-01,"45-54","females","Positive",58,8,26448,219.298245614035,"58"
"273",2014-07-01,"45-54","females",NA,20,8,26448,75.6200846944949,"20"
"274",2014-07-01,"45-54","males","Negative",9,8,30413,29.5926084240292,"9"
"275",2014-07-01,"45-54","males","Positive",64,8,30413,210.436326570874,"64"
"276",2014-07-01,"45-54","males",NA,25,8,30413,82.2016900667478,"25"
"277",2014-07-01,"55-64","females","Negative",32,8,15452,207.092932953663,"32"
"278",2014-07-01,"55-64","females","Positive",22,8,15452,142.376391405643,"22"
"279",2014-07-01,"55-64","females",NA,19,8,15452,122.961428941237,"19"
"280",2014-07-01,"55-64","males","Negative",18,8,16003,112.478910204337,"18"
"281",2014-07-01,"55-64","males","Positive",14,8,16003,87.4835968255952,"14"
"282",2014-07-01,"55-64","males",NA,26,8,16003,162.46953696182,"26"
"283",2014-07-01,"65+","females","Negative",32,8,15386,207.981281684648,"32"
"284",2014-07-01,"65+","females","Positive",12,8,15386,77.9929806317431,"12"
"285",2014-07-01,"65+","females",NA,51,8,15386,331.470167684908,"51"
"286",2014-07-01,"65+","males","Negative",27,8,13576,198.880377136123,"27"
"287",2014-07-01,"65+","males","Positive",12,8,13576,88.3912787271656,"12"
"288",2014-07-01,"65+","males",NA,45,8,13576,331.467295226871,"45"
"289",2014-10-01,"15-24","females","Negative",37,9,135703,27.2654252300981,"37"
"290",2014-10-01,"15-24","females","Positive",45,9,135703,33.160652306876,"45"
"291",2014-10-01,"15-24","females",NA,17,9,135703,12.5273575381532,"17"
"292",2014-10-01,"15-24","males","Negative",11,9,126267,8.71169822677343,"11"
"293",2014-10-01,"15-24","males","Positive",12,9,126267,9.50367079284374,"12"
"294",2014-10-01,"15-24","males",NA,43,9,126267,34.0548203410234,"43"
"295",2014-10-01,"25-34","females","Negative",27,9,98097,27.52377748555,"27"
"296",2014-10-01,"25-34","females","Positive",135,9,98097,137.61888742775,"135"
"297",2014-10-01,"25-34","females",NA,22,9,98097,22.4267816548926,"22"
"298",2014-10-01,"25-34","males","Negative",13,9,97151,13.3812312791428,"13"
"299",2014-10-01,"25-34","males","Positive",89,9,97151,91.6099679879775,"89"
"300",2014-10-01,"25-34","males",NA,72,9,97151,74.1114347767908,"72"
"301",2014-10-01,"35-44","females","Negative",17,9,57991,29.3148936904002,"17"
"302",2014-10-01,"35-44","females","Positive",106,9,57991,182.786984187201,"106"
"303",2014-10-01,"35-44","females",NA,14,9,57991,24.1416771568002,"14"
"304",2014-10-01,"35-44","males","Negative",10,9,65605,15.2427406447679,"10"
"305",2014-10-01,"35-44","males","Positive",94,9,65605,143.281762060819,"94"
"306",2014-10-01,"35-44","males",NA,51,9,65605,77.7379772883164,"51"
"307",2014-10-01,"45-54","females","Negative",15,9,26679,56.2239964016642,"15"
"308",2014-10-01,"45-54","females","Positive",35,9,26679,131.189324937217,"35"
"309",2014-10-01,"45-54","females",NA,9,9,26679,33.7343978409985,"9"
"310",2014-10-01,"45-54","males","Negative",6,9,30749,19.5128296855182,"6"
"311",2014-10-01,"45-54","males","Positive",45,9,30749,146.346222641387,"45"
"312",2014-10-01,"45-54","males",NA,33,9,30749,107.32056327035,"33"
"313",2014-10-01,"55-64","females","Negative",12,9,15553,77.155532694657,"12"
"314",2014-10-01,"55-64","females","Positive",23,9,15553,147.881437664759,"23"
"315",2014-10-01,"55-64","females",NA,13,9,15553,83.5851604192117,"13"
"316",2014-10-01,"55-64","males","Negative",6,9,16061,37.3575742481788,"6"
"317",2014-10-01,"55-64","males","Positive",22,9,16061,136.977772243322,"22"
"318",2014-10-01,"55-64","males",NA,20,9,16061,124.525247493929,"20"
"319",2014-10-01,"65+","females","Negative",24,9,15523,154.609289441474,"24"
"320",2014-10-01,"65+","females","Positive",8,9,15523,51.5364298138246,"8"
"321",2014-10-01,"65+","females",NA,38,9,15523,244.798041615667,"38"
"322",2014-10-01,"65+","males","Negative",12,9,13691,87.6488203929589,"12"
"323",2014-10-01,"65+","males","Positive",8,9,13691,58.4325469286393,"8"
"324",2014-10-01,"65+","males",NA,44,9,13691,321.379008107516,"44"
"325",2015-01-01,"15-24","females","Negative",30,10,136477,21.9817258585696,"30"
"326",2015-01-01,"15-24","females","Positive",53,10,136477,38.8343823501396,"53"
"327",2015-01-01,"15-24","females",NA,17,10,136477,12.4563113198561,"17"
"328",2015-01-01,"15-24","males","Negative",14,10,127150,11.010617381046,"14"
"329",2015-01-01,"15-24","males","Positive",21,10,127150,16.515926071569,"21"
"330",2015-01-01,"15-24","males",NA,32,10,127150,25.1671254423909,"32"
"331",2015-01-01,"25-34","females","Negative",26,10,98532,26.3873665408192,"26"
"332",2015-01-01,"25-34","females","Positive",125,10,98532,126.862339138554,"125"
"333",2015-01-01,"25-34","females",NA,32,10,98532,32.4767588194698,"32"
"334",2015-01-01,"25-34","males","Negative",21,10,97183,21.6087175740613,"21"
"335",2015-01-01,"25-34","males","Positive",71,10,97183,73.0580451313501,"71"
"336",2015-01-01,"25-34","males",NA,59,10,97183,60.7102065176008,"59"
"337",2015-01-01,"35-44","females","Negative",9,10,58799,15.3063827616116,"9"
"338",2015-01-01,"35-44","females","Positive",92,10,58799,156.465246007585,"92"
"339",2015-01-01,"35-44","females",NA,25,10,58799,42.5177298933655,"25"
"340",2015-01-01,"35-44","males","Negative",7,10,66353,10.5496360375567,"7"
"341",2015-01-01,"35-44","males","Positive",77,10,66353,116.045996413124,"77"
"342",2015-01-01,"35-44","males",NA,33,10,66353,49.7339984627673,"33"
"343",2015-01-01,"45-54","females","Negative",13,10,26910,48.3091787439614,"13"
"344",2015-01-01,"45-54","females","Positive",40,10,26910,148.643626904496,"40"
"345",2015-01-01,"45-54","females",NA,9,10,26910,33.4448160535117,"9"
"346",2015-01-01,"45-54","males","Negative",NA,10,31086,NA,"<5"
"347",2015-01-01,"45-54","males","Positive",32,10,31086,102.940230328765,"32"
"348",2015-01-01,"45-54","males",NA,22,10,31086,70.7714083510262,"22"
"349",2015-01-01,"55-64","females","Negative",10,10,15654,63.8814360546825,"10"
"350",2015-01-01,"55-64","females","Positive",9,10,15654,57.4932924492143,"9"
"351",2015-01-01,"55-64","females",NA,14,10,15654,89.4340104765555,"14"
"352",2015-01-01,"55-64","males","Negative",8,10,16120,49.6277915632754,"8"
"353",2015-01-01,"55-64","males","Positive",16,10,16120,99.2555831265509,"16"
"354",2015-01-01,"55-64","males",NA,16,10,16120,99.2555831265509,"16"
"355",2015-01-01,"65+","females","Negative",23,10,15661,146.861630802631,"23"
"356",2015-01-01,"65+","females","Positive",NA,10,15661,NA,"<5"
"357",2015-01-01,"65+","females",NA,42,10,15661,268.182108422195,"42"
"358",2015-01-01,"65+","males","Negative",15,10,13805,108.656283955089,"15"
"359",2015-01-01,"65+","males","Positive",NA,10,13805,NA,"<5"
"360",2015-01-01,"65+","males",NA,35,10,13805,253.53132922854,"35"
"361",2015-04-01,"15-24","females","Negative",34,11,137252,24.7719523212777,"34"
"362",2015-04-01,"15-24","females","Positive",29,11,137252,21.1290181563839,"29"
"363",2015-04-01,"15-24","females",NA,20,11,137252,14.5717366595751,"20"
"364",2015-04-01,"15-24","males","Negative",14,11,128034,10.9345954980708,"14"
"365",2015-04-01,"15-24","males","Positive",13,11,128034,10.1535529624943,"13"
"366",2015-04-01,"15-24","males",NA,48,11,128034,37.4900417076714,"48"
"367",2015-04-01,"25-34","females","Negative",25,11,98968,25.2606903241452,"25"
"368",2015-04-01,"25-34","females","Positive",106,11,98968,107.105326974376,"106"
"369",2015-04-01,"25-34","females",NA,11,11,98968,11.1147037426239,"11"
"370",2015-04-01,"25-34","males","Negative",11,11,97215,11.3151262665227,"11"
"371",2015-04-01,"25-34","males","Positive",57,11,97215,58.6329270174356,"57"
"372",2015-04-01,"25-34","males",NA,60,11,97215,61.718870544669,"60"
"373",2015-04-01,"35-44","females","Negative",11,11,59608,18.4538988055295,"11"
"374",2015-04-01,"35-44","females","Positive",77,11,59608,129.177291638706,"77"
"375",2015-04-01,"35-44","females",NA,22,11,59608,36.9077976110589,"22"
"376",2015-04-01,"35-44","males","Negative",18,11,67100,26.8256333830104,"18"
"377",2015-04-01,"35-44","males","Positive",78,11,67100,116.244411326379,"78"
"378",2015-04-01,"35-44","males",NA,61,11,67100,90.9090909090909,"61"
"379",2015-04-01,"45-54","females","Negative",13,11,27141,47.8980140746472,"13"
"380",2015-04-01,"45-54","females","Positive",25,11,27141,92.1115655281677,"25"
"381",2015-04-01,"45-54","females",NA,11,11,27141,40.5290888323938,"11"
"382",2015-04-01,"45-54","males","Negative",6,11,31422,19.0949016612564,"6"
"383",2015-04-01,"45-54","males","Positive",39,11,31422,124.116860798167,"39"
"384",2015-04-01,"45-54","males",NA,27,11,31422,85.927057475654,"27"
"385",2015-04-01,"55-64","females","Negative",20,11,15756,126.935770500127,"20"
"386",2015-04-01,"55-64","females","Positive",11,11,15756,69.8146737750698,"11"
"387",2015-04-01,"55-64","females",NA,15,11,15756,95.2018278750952,"15"
"388",2015-04-01,"55-64","males","Negative",NA,11,16179,NA,"<5"
"389",2015-04-01,"55-64","males","Positive",24,11,16179,148.340441312813,"24"
"390",2015-04-01,"55-64","males",NA,27,11,16179,166.882996476915,"27"
"391",2015-04-01,"65+","females","Negative",31,11,15796,196.252215750823,"31"
"392",2015-04-01,"65+","females","Positive",8,11,15796,50.6457330969866,"8"
"393",2015-04-01,"65+","females",NA,21,11,15796,132.94504937959,"21"
"394",2015-04-01,"65+","males","Negative",10,11,13920,71.8390804597701,"10"
"395",2015-04-01,"65+","males","Positive",11,11,13920,79.0229885057471,"11"
"396",2015-04-01,"65+","males",NA,44,11,13920,316.091954022988,"44"
"397",2015-07-01,"15-24","females","Negative",37,12,138026,26.8065436946662,"37"
"398",2015-07-01,"15-24","females","Positive",38,12,138026,27.5310448756031,"38"
"399",2015-07-01,"15-24","females",NA,14,12,138026,10.1430165331169,"14"
"400",2015-07-01,"15-24","males","Negative",22,12,128919,17.0649787851286,"22"
"401",2015-07-01,"15-24","males","Positive",18,12,128919,13.9622553696507,"18"
"402",2015-07-01,"15-24","males",NA,26,12,128919,20.1677022006066,"26"
"403",2015-07-01,"25-34","females","Negative",32,12,99405,32.1915396609828,"32"
"404",2015-07-01,"25-34","females","Positive",138,12,99405,138.826014787989,"138"
"405",2015-07-01,"25-34","females",NA,12,12,99405,12.0718273728686,"12"
"406",2015-07-01,"25-34","males","Negative",20,12,97247,20.5661871317367,"20"
"407",2015-07-01,"25-34","males","Positive",91,12,97247,93.576151449402,"91"
"408",2015-07-01,"25-34","males",NA,38,12,97247,39.0757555502998,"38"
"409",2015-07-01,"35-44","females","Negative",17,12,60417,28.1377757915818,"17"
"410",2015-07-01,"35-44","females","Positive",110,12,60417,182.067961004353,"110"
"411",2015-07-01,"35-44","females",NA,5,12,60417,8.27581640928878,"5"
"412",2015-07-01,"35-44","males","Negative",20,12,67847,29.4780904093033,"20"
"413",2015-07-01,"35-44","males","Positive",132,12,67847,194.555396701402,"132"
"414",2015-07-01,"35-44","males",NA,39,12,67847,57.4822762981414,"39"
"415",2015-07-01,"45-54","females","Negative",16,12,27372,58.4538944907204,"16"
"416",2015-07-01,"45-54","females","Positive",43,12,27372,157.094841443811,"43"
"417",2015-07-01,"45-54","females",NA,10,12,27372,36.5336840567003,"10"
"418",2015-07-01,"45-54","males","Negative",9,12,31760,28.3375314861461,"9"
"419",2015-07-01,"45-54","males","Positive",47,12,31760,147.984886649874,"47"
"420",2015-07-01,"45-54","males",NA,20,12,31760,62.9722921914358,"20"
"421",2015-07-01,"55-64","females","Negative",25,12,15857,157.659078009712,"25"
"422",2015-07-01,"55-64","females","Positive",24,12,15857,151.352714889323,"24"
"423",2015-07-01,"55-64","females",NA,6,12,15857,37.8381787223308,"6"
"424",2015-07-01,"55-64","males","Negative",18,12,16238,110.851090035719,"18"
"425",2015-07-01,"55-64","males","Positive",24,12,16238,147.801453380958,"24"
"426",2015-07-01,"55-64","males",NA,18,12,16238,110.851090035719,"18"
"427",2015-07-01,"65+","females","Negative",41,12,15935,257.295262001883,"41"
"428",2015-07-01,"65+","females","Positive",5,12,15935,31.3774709758393,"5"
"429",2015-07-01,"65+","females",NA,29,12,15935,181.989331659868,"29"
"430",2015-07-01,"65+","males","Negative",31,12,14033,220.907860044182,"31"
"431",2015-07-01,"65+","males","Positive",9,12,14033,64.1345400128269,"9"
"432",2015-07-01,"65+","males",NA,52,12,14033,370.555120074111,"52"
"433",2015-10-01,"15-24","females","Negative",30,13,138799,21.6139885734047,"30"
"434",2015-10-01,"15-24","females","Positive",45,13,138799,32.4209828601071,"45"
"435",2015-10-01,"15-24","females",NA,8,13,138799,5.76373028624126,"8"
"436",2015-10-01,"15-24","males","Negative",16,13,129802,12.3264664643072,"16"
"437",2015-10-01,"15-24","males","Positive",20,13,129802,15.408083080384,"20"
"438",2015-10-01,"15-24","males",NA,31,13,129802,23.8825287745952,"31"
"439",2015-10-01,"25-34","females","Negative",24,13,99840,24.0384615384615,"24"
"440",2015-10-01,"25-34","females","Positive",117,13,99840,117.1875,"117"
"441",2015-10-01,"25-34","females",NA,9,13,99840,9.01442307692308,"9"
"442",2015-10-01,"25-34","males","Negative",14,13,97280,14.3914473684211,"14"
"443",2015-10-01,"25-34","males","Positive",80,13,97280,82.2368421052632,"80"
"444",2015-10-01,"25-34","males",NA,32,13,97280,32.8947368421053,"32"
"445",2015-10-01,"35-44","females","Negative",22,13,61226,35.9324469996407,"22"
"446",2015-10-01,"35-44","females","Positive",105,13,61226,171.495769771012,"105"
"447",2015-10-01,"35-44","females",NA,NA,13,61226,NA,"<5"
"448",2015-10-01,"35-44","males","Negative",13,13,68593,18.9523712332162,"13"
"449",2015-10-01,"35-44","males","Positive",130,13,68593,189.523712332162,"130"
"450",2015-10-01,"35-44","males",NA,29,13,68593,42.2783665971746,"29"
"451",2015-10-01,"45-54","females","Negative",27,13,27603,97.815454841865,"27"
"452",2015-10-01,"45-54","females","Positive",47,13,27603,170.271347317321,"47"
"453",2015-10-01,"45-54","females",NA,NA,13,27603,NA,"<5"
"454",2015-10-01,"45-54","males","Negative",8,13,32096,24.9252243270189,"8"
"455",2015-10-01,"45-54","males","Positive",52,13,32096,162.013958125623,"52"
"456",2015-10-01,"45-54","males",NA,20,13,32096,62.3130608175474,"20"
"457",2015-10-01,"55-64","females","Negative",20,13,15959,125.321135409487,"20"
"458",2015-10-01,"55-64","females","Positive",17,13,15959,106.522965098064,"17"
"459",2015-10-01,"55-64","females",NA,NA,13,15959,NA,"<5"
"460",2015-10-01,"55-64","males","Negative",13,13,16298,79.7643882684992,"13"
"461",2015-10-01,"55-64","males","Positive",18,13,16298,110.442999140999,"18"
"462",2015-10-01,"55-64","males",NA,19,13,16298,116.578721315499,"19"
"463",2015-10-01,"65+","females","Negative",53,13,16071,329.786572086367,"53"
"464",2015-10-01,"65+","females","Positive",9,13,16071,56.0014933731566,"9"
"465",2015-10-01,"65+","females",NA,15,13,16071,93.3358222885944,"15"
"466",2015-10-01,"65+","males","Negative",28,13,14146,197.935812243744,"28"
"467",2015-10-01,"65+","males","Positive",12,13,14146,84.8296338187474,"12"
"468",2015-10-01,"65+","males",NA,37,13,14146,261.558037607804,"37"
"469",2016-01-01,"15-24","females","Negative",53,14,139575,37.9724162636575,"53"
"470",2016-01-01,"15-24","females","Positive",52,14,139575,37.2559555794376,"52"
"471",2016-01-01,"15-24","females",NA,12,14,139575,8.59752821063944,"12"
"472",2016-01-01,"15-24","males","Negative",27,14,130685,20.6603665302062,"27"
"473",2016-01-01,"15-24","males","Positive",20,14,130685,15.3039752075602,"20"
"474",2016-01-01,"15-24","males",NA,28,14,130685,21.4255652905842,"28"
"475",2016-01-01,"25-34","females","Negative",30,14,100277,29.9171295511433,"30"
"476",2016-01-01,"25-34","females","Positive",133,14,100277,132.632607676735,"133"
"477",2016-01-01,"25-34","females",NA,NA,14,100277,NA,"<5"
"478",2016-01-01,"25-34","males","Negative",23,14,97312,23.6353173298257,"23"
"479",2016-01-01,"25-34","males","Positive",93,14,97312,95.568891811904,"93"
"480",2016-01-01,"25-34","males",NA,38,14,97312,39.0496547188425,"38"
"481",2016-01-01,"35-44","females","Negative",21,14,62034,33.85240352065,"21"
"482",2016-01-01,"35-44","females","Positive",102,14,62034,164.425959957443,"102"
"483",2016-01-01,"35-44","females",NA,9,14,62034,14.5081729374214,"9"
"484",2016-01-01,"35-44","males","Negative",24,14,69342,34.6110582331055,"24"
"485",2016-01-01,"35-44","males","Positive",128,14,69342,184.592310576563,"128"
"486",2016-01-01,"35-44","males",NA,25,14,69342,36.0531856594849,"25"
"487",2016-01-01,"45-54","females","Negative",23,14,27834,82.6327513113458,"23"
"488",2016-01-01,"45-54","females","Positive",45,14,27834,161.672774304807,"45"
"489",2016-01-01,"45-54","females",NA,NA,14,27834,NA,"<5"
"490",2016-01-01,"45-54","males","Negative",6,14,32433,18.4996762556655,"6"
"491",2016-01-01,"45-54","males","Positive",42,14,32433,129.497733789659,"42"
"492",2016-01-01,"45-54","males",NA,13,14,32433,40.0826318872753,"13"
"493",2016-01-01,"55-64","females","Negative",26,14,16060,161.892901618929,"26"
"494",2016-01-01,"55-64","females","Positive",24,14,16060,149.439601494396,"24"
"495",2016-01-01,"55-64","females",NA,6,14,16060,37.359900373599,"6"
"496",2016-01-01,"55-64","males","Negative",10,14,16356,61.1396429444852,"10"
"497",2016-01-01,"55-64","males","Positive",25,14,16356,152.849107361213,"25"
"498",2016-01-01,"55-64","males",NA,17,14,16356,103.937393005625,"17"
"499",2016-01-01,"65+","females","Negative",56,14,16208,345.508390918065,"56"
"500",2016-01-01,"65+","females","Positive",12,14,16208,74.0375123395854,"12"
"501",2016-01-01,"65+","females",NA,15,14,16208,92.5468904244817,"15"
"502",2016-01-01,"65+","males","Negative",27,14,14261,189.327536638384,"27"
"503",2016-01-01,"65+","males","Positive",16,14,14261,112.194095785709,"16"
"504",2016-01-01,"65+","males",NA,32,14,14261,224.388191571419,"32"
"505",2016-04-01,"15-24","females","Negative",37,15,140349,26.3628526031536,"37"
"506",2016-04-01,"15-24","females","Positive",52,15,140349,37.050495550378,"52"
"507",2016-04-01,"15-24","females",NA,5,15,140349,3.56254764907481,"5"
"508",2016-04-01,"15-24","males","Negative",26,15,131570,19.7613437713765,"26"
"509",2016-04-01,"15-24","males","Positive",17,15,131570,12.9208786197461,"17"
"510",2016-04-01,"15-24","males",NA,13,15,131570,9.88067188568823,"13"
"511",2016-04-01,"25-34","females","Negative",22,15,100713,21.8442504939779,"22"
"512",2016-04-01,"25-34","females","Positive",114,15,100713,113.192934377886,"114"
"513",2016-04-01,"25-34","females",NA,12,15,100713,11.915045723988,"12"
"514",2016-04-01,"25-34","males","Negative",28,15,97345,28.7636755868303,"28"
"515",2016-04-01,"25-34","males","Positive",88,15,97345,90.4001232728954,"88"
"516",2016-04-01,"25-34","males",NA,29,15,97345,29.7909497149314,"29"
"517",2016-04-01,"35-44","females","Negative",21,15,62843,33.4166096462613,"21"
"518",2016-04-01,"35-44","females","Positive",116,15,62843,184.586986617443,"116"
"519",2016-04-01,"35-44","females",NA,NA,15,62843,NA,"<5"
"520",2016-04-01,"35-44","males","Negative",32,15,70089,45.656237070011,"32"
"521",2016-04-01,"35-44","males","Positive",121,15,70089,172.637646420979,"121"
"522",2016-04-01,"35-44","males",NA,17,15,70089,24.2548759434433,"17"
"523",2016-04-01,"45-54","females","Negative",12,15,28064,42.7594070695553,"12"
"524",2016-04-01,"45-54","females","Positive",28,15,28064,99.7719498289624,"28"
"525",2016-04-01,"45-54","females",NA,5,15,28064,17.8164196123147,"5"
"526",2016-04-01,"45-54","males","Negative",14,15,32768,42.724609375,"14"
"527",2016-04-01,"45-54","males","Positive",54,15,32768,164.794921875,"54"
"528",2016-04-01,"45-54","males",NA,8,15,32768,24.4140625,"8"
"529",2016-04-01,"55-64","females","Negative",30,15,16162,185.620591510952,"30"
"530",2016-04-01,"55-64","females","Positive",14,15,16162,86.6229427051107,"14"
"531",2016-04-01,"55-64","females",NA,NA,15,16162,NA,"<5"
"532",2016-04-01,"55-64","males","Negative",24,15,16416,146.198830409357,"24"
"533",2016-04-01,"55-64","males","Positive",23,15,16416,140.107212475634,"23"
"534",2016-04-01,"55-64","males",NA,7,15,16416,42.6413255360624,"7"
"535",2016-04-01,"65+","females","Negative",46,15,16344,281.448849730788,"46"
"536",2016-04-01,"65+","females","Positive",9,15,16344,55.0660792951542,"9"
"537",2016-04-01,"65+","females",NA,18,15,16344,110.132158590308,"18"
"538",2016-04-01,"65+","males","Negative",32,15,14374,222.62418255183,"32"
"539",2016-04-01,"65+","males","Positive",10,15,14374,69.5700570474468,"10"
"540",2016-04-01,"65+","males",NA,28,15,14374,194.796159732851,"28"
"541",2016-07-01,"15-24","females","Negative",39,16,141124,27.6352711090955,"39"
"542",2016-07-01,"15-24","females","Positive",40,16,141124,28.3438678042006,"40"
"543",2016-07-01,"15-24","females",NA,7,16,141124,4.9601768657351,"7"
"544",2016-07-01,"15-24","males","Negative",47,16,132454,35.4840170927265,"47"
"545",2016-07-01,"15-24","males","Positive",15,16,132454,11.3246863061893,"15"
"546",2016-07-01,"15-24","males",NA,11,16,132454,8.30476995787217,"11"
"547",2016-07-01,"25-34","females","Negative",26,16,101148,25.7049076600625,"26"
"548",2016-07-01,"25-34","females","Positive",100,16,101148,98.8650294617788,"100"
"549",2016-07-01,"25-34","females",NA,5,16,101148,4.94325147308894,"5"
"550",2016-07-01,"25-34","males","Negative",38,16,97377,39.0235887324522,"38"
"551",2016-07-01,"25-34","males","Positive",83,16,97377,85.2357332840404,"83"
"552",2016-07-01,"25-34","males",NA,8,16,97377,8.21549236472678,"8"
"553",2016-07-01,"35-44","females","Negative",21,16,63652,32.9918934204738,"21"
"554",2016-07-01,"35-44","females","Positive",110,16,63652,172.81467982153,"110"
"555",2016-07-01,"35-44","females",NA,5,16,63652,7.85521271916044,"5"
"556",2016-07-01,"35-44","males","Negative",46,16,70836,64.9387317183353,"46"
"557",2016-07-01,"35-44","males","Positive",122,16,70836,172.228810209498,"122"
"558",2016-07-01,"35-44","males",NA,12,16,70836,16.9405387091309,"12"
"559",2016-07-01,"45-54","females","Negative",24,16,28296,84.8176420695505,"24"
"560",2016-07-01,"45-54","females","Positive",34,16,28296,120.158326265196,"34"
"561",2016-07-01,"45-54","females",NA,8,16,28296,28.2725473565168,"8"
"562",2016-07-01,"45-54","males","Negative",20,16,33105,60.4138347681619,"20"
"563",2016-07-01,"45-54","males","Positive",44,16,33105,132.910436489956,"44"
"564",2016-07-01,"45-54","males",NA,11,16,33105,33.227609122489,"11"
"565",2016-07-01,"55-64","females","Negative",34,16,16264,209.050664043286,"34"
"566",2016-07-01,"55-64","females","Positive",15,16,16264,92.2282341367437,"15"
"567",2016-07-01,"55-64","females",NA,13,16,16264,79.9311362518446,"13"
"568",2016-07-01,"55-64","males","Negative",21,16,16475,127.465857359636,"21"
"569",2016-07-01,"55-64","males","Positive",19,16,16475,115.326251896813,"19"
"570",2016-07-01,"55-64","males",NA,NA,16,16475,NA,"<5"
"571",2016-07-01,"65+","females","Negative",50,16,16482,303.36124256765,"50"
"572",2016-07-01,"65+","females","Positive",NA,16,16482,NA,"<5"
"573",2016-07-01,"65+","females",NA,24,16,16482,145.613396432472,"24"
"574",2016-07-01,"65+","males","Negative",53,16,14488,365.819988956378,"53"
"575",2016-07-01,"65+","males","Positive",7,16,14488,48.3158475980121,"7"
"576",2016-07-01,"65+","males",NA,17,16,14488,117.338487023744,"17"
"577",2016-10-01,"15-24","females","Negative",33,17,141898,23.2561417356129,"33"
"578",2016-10-01,"15-24","females","Positive",32,17,141898,22.5514101678671,"32"
"579",2016-10-01,"15-24","females",NA,13,17,141898,9.16151038069599,"13"
"580",2016-10-01,"15-24","males","Negative",40,17,133336,29.9994000119998,"40"
"581",2016-10-01,"15-24","males","Positive",22,17,133336,16.4996700065999,"22"
"582",2016-10-01,"15-24","males",NA,17,17,133336,12.7497450050999,"17"
"583",2016-10-01,"25-34","females","Negative",40,17,101584,39.3762797290912,"40"
"584",2016-10-01,"25-34","females","Positive",94,17,101584,92.5342573633643,"94"
"585",2016-10-01,"25-34","females",NA,11,17,101584,10.8284769255001,"11"
"586",2016-10-01,"25-34","males","Negative",39,17,97409,40.0373682103296,"39"
"587",2016-10-01,"25-34","males","Positive",80,17,97409,82.1279347904198,"80"
"588",2016-10-01,"25-34","males",NA,18,17,97409,18.4787853278444,"18"
"589",2016-10-01,"35-44","females","Negative",24,17,64459,37.2329697947533,"24"
"590",2016-10-01,"35-44","females","Positive",121,17,64459,187.716222715214,"121"
"591",2016-10-01,"35-44","females",NA,12,17,64459,18.6164848973766,"12"
"592",2016-10-01,"35-44","males","Negative",25,17,71584,34.9240053643272,"25"
"593",2016-10-01,"35-44","males","Positive",103,17,71584,143.886902101028,"103"
"594",2016-10-01,"35-44","males",NA,12,17,71584,16.7635225748771,"12"
"595",2016-10-01,"45-54","females","Negative",27,17,28527,94.6471763592386,"27"
"596",2016-10-01,"45-54","females","Positive",30,17,28527,105.163529288043,"30"
"597",2016-10-01,"45-54","females",NA,8,17,28527,28.0436078101448,"8"
"598",2016-10-01,"45-54","males","Negative",17,17,33442,50.8342802463968,"17"
"599",2016-10-01,"45-54","males","Positive",34,17,33442,101.668560492794,"34"
"600",2016-10-01,"45-54","males",NA,8,17,33442,23.9220142335985,"8"
"601",2016-10-01,"55-64","females","Negative",15,17,16365,91.6590284142988,"15"
"602",2016-10-01,"55-64","females","Positive",13,17,16365,79.4378246257256,"13"
"603",2016-10-01,"55-64","females",NA,7,17,16365,42.7742132600061,"7"
"604",2016-10-01,"55-64","males","Negative",29,17,16532,175.417372368739,"29"
"605",2016-10-01,"55-64","males","Positive",18,17,16532,108.879748366804,"18"
"606",2016-10-01,"55-64","males",NA,7,17,16532,42.3421243648681,"7"
"607",2016-10-01,"65+","females","Negative",45,17,16620,270.758122743682,"45"
"608",2016-10-01,"65+","females","Positive",NA,17,16620,NA,"<5"
"609",2016-10-01,"65+","females",NA,20,17,16620,120.336943441637,"20"
"610",2016-10-01,"65+","males","Negative",51,17,14602,349.267223667991,"51"
"611",2016-10-01,"65+","males","Positive",8,17,14602,54.7870154773319,"8"
"612",2016-10-01,"65+","males",NA,27,17,14602,184.906177235995,"27"
"613",2017-01-01,"15-24","females","Negative",38,18,142672,26.6345183357632,"38"
"614",2017-01-01,"15-24","females","Positive",47,18,142672,32.9426937310755,"47"
"615",2017-01-01,"15-24","females",NA,15,18,142672,10.5136256588539,"15"
"616",2017-01-01,"15-24","males","Negative",36,18,134219,26.8218359546711,"36"
"617",2017-01-01,"15-24","males","Positive",24,18,134219,17.8812239697807,"24"
"618",2017-01-01,"15-24","males",NA,21,18,134219,15.6460709735581,"21"
"619",2017-01-01,"25-34","females","Negative",41,18,102021,40.1878044716284,"41"
"620",2017-01-01,"25-34","females","Positive",94,18,102021,92.1378931788553,"94"
"621",2017-01-01,"25-34","females",NA,15,18,102021,14.7028552944982,"15"
"622",2017-01-01,"25-34","males","Negative",49,18,97441,50.2868402417873,"49"
"623",2017-01-01,"25-34","males","Positive",70,18,97441,71.8383432025533,"70"
"624",2017-01-01,"25-34","males",NA,20,18,97441,20.5252409150152,"20"
"625",2017-01-01,"35-44","females","Negative",20,18,65267,30.6433572862243,"20"
"626",2017-01-01,"35-44","females","Positive",105,18,65267,160.877625752677,"105"
"627",2017-01-01,"35-44","females",NA,9,18,65267,13.7895107788009,"9"
"628",2017-01-01,"35-44","males","Negative",22,18,72330,30.4161482095949,"22"
"629",2017-01-01,"35-44","males","Positive",120,18,72330,165.906262961427,"120"
"630",2017-01-01,"35-44","males",NA,18,18,72330,24.885939444214,"18"
"631",2017-01-01,"45-54","females","Negative",17,18,28759,59.1119301783789,"17"
"632",2017-01-01,"45-54","females","Positive",39,18,28759,135.609722173928,"39"
"633",2017-01-01,"45-54","females",NA,8,18,28759,27.8173789074724,"8"
"634",2017-01-01,"45-54","males","Negative",24,18,33779,71.0500606885935,"24"
"635",2017-01-01,"45-54","males","Positive",44,18,33779,130.258444595755,"44"
"636",2017-01-01,"45-54","males",NA,8,18,33779,23.6833535628645,"8"
"637",2017-01-01,"55-64","females","Negative",21,18,16467,127.527782838404,"21"
"638",2017-01-01,"55-64","females","Positive",15,18,16467,91.0912734560029,"15"
"639",2017-01-01,"55-64","females",NA,13,18,16467,78.9457703285359,"13"
"640",2017-01-01,"55-64","males","Negative",16,18,16592,96.4320154291225,"16"
"641",2017-01-01,"55-64","males","Positive",25,18,16592,150.675024108004,"25"
"642",2017-01-01,"55-64","males",NA,7,18,16592,42.1890067502411,"7"
"643",2017-01-01,"65+","females","Negative",50,18,16756,298.4005729291,"50"
"644",2017-01-01,"65+","females","Positive",7,18,16756,41.776080210074,"7"
"645",2017-01-01,"65+","females",NA,23,18,16756,137.264263547386,"23"
"646",2017-01-01,"65+","males","Negative",52,18,14718,353.308873488246,"52"
"647",2017-01-01,"65+","males","Positive",7,18,14718,47.5608098926485,"7"
"648",2017-01-01,"65+","males",NA,23,18,14718,156.271232504416,"23"
"649",2017-04-01,"15-24","females","Negative",41,19,143446,28.5821842365768,"41"
"650",2017-04-01,"15-24","females","Positive",39,19,143446,27.1879313469877,"39"
"651",2017-04-01,"15-24","females",NA,12,19,143446,8.36551733753468,"12"
"652",2017-04-01,"15-24","males","Negative",33,19,135104,24.4256276646139,"33"
"653",2017-04-01,"15-24","males","Positive",15,19,135104,11.10255802937,"15"
"654",2017-04-01,"15-24","males",NA,6,19,135104,4.44102321174799,"6"
"655",2017-04-01,"25-34","females","Negative",27,19,102457,26.3525186175664,"27"
"656",2017-04-01,"25-34","females","Positive",82,19,102457,80.0335750607572,"82"
"657",2017-04-01,"25-34","females",NA,13,19,102457,12.6882497047542,"13"
"658",2017-04-01,"25-34","males","Negative",35,19,97472,35.9077478660538,"35"
"659",2017-04-01,"25-34","males","Positive",61,19,97472,62.5820748522653,"61"
"660",2017-04-01,"25-34","males",NA,10,19,97472,10.2593565331582,"10"
"661",2017-04-01,"35-44","females","Negative",37,19,66076,55.9961256734669,"37"
"662",2017-04-01,"35-44","females","Positive",98,19,66076,148.314062594588,"98"
"663",2017-04-01,"35-44","females",NA,10,19,66076,15.1340880198559,"10"
"664",2017-04-01,"35-44","males","Negative",27,19,73078,36.9468239415419,"27"
"665",2017-04-01,"35-44","males","Positive",93,19,73078,127.261282465311,"93"
"666",2017-04-01,"35-44","males",NA,11,19,73078,15.0524097539615,"11"
"667",2017-04-01,"45-54","females","Negative",21,19,28988,72.4437698357941,"21"
"668",2017-04-01,"45-54","females","Positive",33,19,28988,113.840209741962,"33"
"669",2017-04-01,"45-54","females",NA,13,19,28988,44.8461432316821,"13"
"670",2017-04-01,"45-54","males","Negative",18,19,34116,52.7611677805135,"18"
"671",2017-04-01,"45-54","males","Positive",39,19,34116,114.315863524446,"39"
"672",2017-04-01,"45-54","males",NA,10,19,34116,29.3117598780631,"10"
"673",2017-04-01,"55-64","females","Negative",21,19,16568,126.750362143892,"21"
"674",2017-04-01,"55-64","females","Positive",15,19,16568,90.5359729599227,"15"
"675",2017-04-01,"55-64","females",NA,8,19,16568,48.2858522452921,"8"
"676",2017-04-01,"55-64","males","Negative",18,19,16651,108.101615518587,"18"
"677",2017-04-01,"55-64","males","Positive",20,19,16651,120.112906131764,"20"
"678",2017-04-01,"55-64","males",NA,5,19,16651,30.028226532941,"5"
"679",2017-04-01,"65+","females","Negative",43,19,16894,254.528234876287,"43"
"680",2017-04-01,"65+","females","Positive",7,19,16894,41.4348289333491,"7"
"681",2017-04-01,"65+","females",NA,23,19,16894,136.143009352433,"23"
"682",2017-04-01,"65+","males","Negative",39,19,14831,262.96271323579,"39"
"683",2017-04-01,"65+","males","Positive",NA,19,14831,NA,"<5"
"684",2017-04-01,"65+","males",NA,20,19,14831,134.852673454251,"20"
"685",2017-07-01,"15-24","females","Negative",34,20,144220,23.5750936069893,"34"
"686",2017-07-01,"15-24","females","Positive",49,20,144220,33.9758701983081,"49"
"687",2017-07-01,"15-24","females",NA,7,20,144220,4.85369574261545,"7"
"688",2017-07-01,"15-24","males","Negative",21,20,135988,15.442539047563,"21"
"689",2017-07-01,"15-24","males","Positive",15,20,135988,11.0303850339736,"15"
"690",2017-07-01,"15-24","males",NA,NA,20,135988,NA,"<5"
"691",2017-07-01,"25-34","females","Negative",36,20,102892,34.9881429071259,"36"
"692",2017-07-01,"25-34","females","Positive",88,20,102892,85.5265715507523,"88"
"693",2017-07-01,"25-34","females",NA,9,20,102892,8.74703572678148,"9"
"694",2017-07-01,"25-34","males","Negative",22,20,97505,22.5629454899749,"22"
"695",2017-07-01,"25-34","males","Positive",48,20,97505,49.2282447053997,"48"
"696",2017-07-01,"25-34","males",NA,15,20,97505,15.3838264704374,"15"
"697",2017-07-01,"35-44","females","Negative",14,20,66886,20.9311365607152,"14"
"698",2017-07-01,"35-44","females","Positive",93,20,66886,139.042550010466,"93"
"699",2017-07-01,"35-44","females",NA,6,20,66886,8.97048709744939,"6"
"700",2017-07-01,"35-44","males","Negative",32,20,73825,43.3457500846597,"32"
"701",2017-07-01,"35-44","males","Positive",63,20,73825,85.3369454791737,"63"
"702",2017-07-01,"35-44","males",NA,11,20,73825,14.9001015916018,"11"
"703",2017-07-01,"45-54","females","Negative",14,20,29220,47.9123887748118,"14"
"704",2017-07-01,"45-54","females","Positive",47,20,29220,160.848733744011,"47"
"705",2017-07-01,"45-54","females",NA,5,20,29220,17.1115674195756,"5"
"706",2017-07-01,"45-54","males","Negative",16,20,34452,46.4414257517706,"16"
"707",2017-07-01,"45-54","males","Positive",35,20,34452,101.590618831998,"35"
"708",2017-07-01,"45-54","males",NA,NA,20,34452,NA,"<5"
"709",2017-07-01,"55-64","females","Negative",26,20,16669,155.978163057172,"26"
"710",2017-07-01,"55-64","females","Positive",20,20,16669,119.983202351671,"20"
"711",2017-07-01,"55-64","females",NA,8,20,16669,47.9932809406683,"8"
"712",2017-07-01,"55-64","males","Negative",14,20,16710,83.7821663674446,"14"
"713",2017-07-01,"55-64","males","Positive",18,20,16710,107.719928186715,"18"
"714",2017-07-01,"55-64","males",NA,5,20,16710,29.9222022740874,"5"
"715",2017-07-01,"65+","females","Negative",54,20,17029,317.10611310118,"54"
"716",2017-07-01,"65+","females","Positive",12,20,17029,70.4680251335956,"12"
"717",2017-07-01,"65+","females",NA,18,20,17029,105.702037700393,"18"
"718",2017-07-01,"65+","males","Negative",26,20,14943,173.99451248076,"26"
"719",2017-07-01,"65+","males","Positive",NA,20,14943,NA,"<5"
"720",2017-07-01,"65+","males",NA,18,20,14943,120.457739409757,"18"
"721",2017-10-01,"15-24","females","Negative",17,21,144995,11.724542225594,"17"
"722",2017-10-01,"15-24","females","Positive",31,21,144995,21.3800475878479,"31"
"723",2017-10-01,"15-24","females",NA,22,21,144995,15.1729369978275,"22"
"724",2017-10-01,"15-24","males","Negative",21,21,136871,15.3429141308239,"21"
"725",2017-10-01,"15-24","males","Positive",12,21,136871,8.76737950332795,"12"
"726",2017-10-01,"15-24","males",NA,9,21,136871,6.57553462749596,"9"
"727",2017-10-01,"25-34","females","Negative",18,21,103328,17.4202539485909,"18"
"728",2017-10-01,"25-34","females","Positive",83,21,103328,80.3267265407247,"83"
"729",2017-10-01,"25-34","females",NA,15,21,103328,14.5168782904924,"15"
"730",2017-10-01,"25-34","males","Negative",24,21,97538,24.6057946646435,"24"
"731",2017-10-01,"25-34","males","Positive",41,21,97538,42.034899218766,"41"
"732",2017-10-01,"25-34","males",NA,15,21,97538,15.3786216654022,"15"
"733",2017-10-01,"35-44","females","Negative",14,21,67694,20.6813011492894,"14"
"734",2017-10-01,"35-44","females","Positive",105,21,67694,155.109758619671,"105"
"735",2017-10-01,"35-44","females",NA,15,21,67694,22.1585369456673,"15"
"736",2017-10-01,"35-44","males","Negative",18,21,74572,24.1377460709113,"18"
"737",2017-10-01,"35-44","males","Positive",71,21,74572,95.2099983908169,"71"
"738",2017-10-01,"35-44","males",NA,12,21,74572,16.0918307139409,"12"
"739",2017-10-01,"45-54","females","Negative",13,21,29450,44.1426146010187,"13"
"740",2017-10-01,"45-54","females","Positive",27,21,29450,91.6808149405772,"27"
"741",2017-10-01,"45-54","females",NA,10,21,29450,33.955857385399,"10"
"742",2017-10-01,"45-54","males","Negative",10,21,34787,28.7463707706902,"10"
"743",2017-10-01,"45-54","males","Positive",44,21,34787,126.484031391037,"44"
"744",2017-10-01,"45-54","males",NA,NA,21,34787,NA,"<5"
"745",2017-10-01,"55-64","females","Negative",20,21,16771,119.253473257409,"20"
"746",2017-10-01,"55-64","females","Positive",22,21,16771,131.178820583149,"22"
"747",2017-10-01,"55-64","females",NA,12,21,16771,71.5520839544452,"12"
"748",2017-10-01,"55-64","males","Negative",13,21,16769,77.5240026238893,"13"
"749",2017-10-01,"55-64","males","Positive",19,21,16769,113.304311527223,"19"
"750",2017-10-01,"55-64","males",NA,6,21,16769,35.7803089033335,"6"
"751",2017-10-01,"65+","females","Negative",43,21,17168,250.465983224604,"43"
"752",2017-10-01,"65+","females","Positive",5,21,17168,29.1239515377446,"5"
"753",2017-10-01,"65+","females",NA,34,21,17168,198.042870456664,"34"
"754",2017-10-01,"65+","males","Negative",36,21,15057,239.091452480574,"36"
"755",2017-10-01,"65+","males","Positive",7,21,15057,46.4900046490005,"7"
"756",2017-10-01,"65+","males",NA,10,21,15057,66.4142923557149,"10"
"757",2018-01-01,"15-24","females","Negative",28,22,145769,19.208473680961,"28"
"758",2018-01-01,"15-24","females","Positive",37,22,145769,25.3826259355556,"37"
"759",2018-01-01,"15-24","females",NA,8,22,145769,5.48813533741742,"8"
"760",2018-01-01,"15-24","males","Negative",37,22,137755,26.8592791550216,"37"
"761",2018-01-01,"15-24","males","Positive",17,22,137755,12.3407498820369,"17"
"762",2018-01-01,"15-24","males",NA,11,22,137755,7.98519110014156,"11"
"763",2018-01-01,"25-34","females","Negative",27,22,103764,26.0205851740488,"27"
"764",2018-01-01,"25-34","females","Positive",87,22,103764,83.8441077830461,"87"
"765",2018-01-01,"25-34","females",NA,12,22,103764,11.5647045217995,"12"
"766",2018-01-01,"25-34","males","Negative",32,22,97570,32.796966280619,"32"
"767",2018-01-01,"25-34","males","Positive",38,22,97570,38.9463974582351,"38"
"768",2018-01-01,"25-34","males",NA,21,22,97570,21.5230091216562,"21"
"769",2018-01-01,"35-44","females","Negative",21,22,68502,30.6560392397302,"21"
"770",2018-01-01,"35-44","females","Positive",92,22,68502,134.302648097866,"92"
"771",2018-01-01,"35-44","females",NA,6,22,68502,8.75886835420864,"6"
"772",2018-01-01,"35-44","males","Negative",28,22,75319,37.1752147532495,"28"
"773",2018-01-01,"35-44","males","Positive",89,22,75319,118.164075465686,"89"
"774",2018-01-01,"35-44","males",NA,21,22,75319,27.8814110649371,"21"
"775",2018-01-01,"45-54","females","Negative",20,22,29682,67.3809042517351,"20"
"776",2018-01-01,"45-54","females","Positive",55,22,29682,185.297486692271,"55"
"777",2018-01-01,"45-54","females",NA,7,22,29682,23.5833164881073,"7"
"778",2018-01-01,"45-54","males","Negative",5,22,35125,14.2348754448399,"5"
"779",2018-01-01,"45-54","males","Positive",44,22,35125,125.266903914591,"44"
"780",2018-01-01,"45-54","males",NA,9,22,35125,25.6227758007117,"9"
"781",2018-01-01,"55-64","females","Negative",25,22,16873,148.165708528418,"25"
"782",2018-01-01,"55-64","females","Positive",25,22,16873,148.165708528418,"25"
"783",2018-01-01,"55-64","females",NA,8,22,16873,47.4130267290938,"8"
"784",2018-01-01,"55-64","males","Negative",17,22,16828,101.022106013787,"17"
"785",2018-01-01,"55-64","males","Positive",27,22,16828,160.44687425719,"27"
"786",2018-01-01,"55-64","males",NA,5,22,16828,29.7123841217019,"5"
"787",2018-01-01,"65+","females","Negative",51,22,17303,294.746575738311,"51"
"788",2018-01-01,"65+","females","Positive",9,22,17303,52.0141016008785,"9"
"789",2018-01-01,"65+","females",NA,13,22,17303,75.1314800901578,"13"
"790",2018-01-01,"65+","males","Negative",27,22,15173,177.947670203651,"27"
"791",2018-01-01,"65+","males","Positive",15,22,15173,98.8598167798062,"15"
"792",2018-01-01,"65+","males",NA,18,22,15173,118.631780135767,"18"
"793",2018-04-01,"15-24","females","Negative",33,23,146543,22.5189876009089,"33"
"794",2018-04-01,"15-24","females","Positive",36,23,146543,24.5661682919007,"36"
"795",2018-04-01,"15-24","females",NA,NA,23,146543,NA,"<5"
"796",2018-04-01,"15-24","males","Negative",43,23,138639,31.0158036338981,"43"
"797",2018-04-01,"15-24","males","Positive",17,23,138639,12.2620619017737,"17"
"798",2018-04-01,"15-24","males",NA,29,23,138639,20.917635008908,"29"
"799",2018-04-01,"25-34","females","Negative",24,23,104200,23.0326295585413,"24"
"800",2018-04-01,"25-34","females","Positive",83,23,104200,79.6545105566219,"83"
"801",2018-04-01,"25-34","females",NA,13,23,104200,12.4760076775432,"13"
"802",2018-04-01,"25-34","males","Negative",33,23,97602,33.810782565931,"33"
"803",2018-04-01,"25-34","males","Positive",46,23,97602,47.1301817585705,"46"
"804",2018-04-01,"25-34","males",NA,22,23,97602,22.5405217106207,"22"
"805",2018-04-01,"35-44","females","Negative",31,23,69311,44.7259453766357,"31"
"806",2018-04-01,"35-44","females","Positive",100,23,69311,144.277243150438,"100"
"807",2018-04-01,"35-44","females",NA,10,23,69311,14.4277243150438,"10"
"808",2018-04-01,"35-44","males","Negative",31,23,76067,40.753546215836,"31"
"809",2018-04-01,"35-44","males","Positive",108,23,76067,141.98009649388,"108"
"810",2018-04-01,"35-44","males",NA,30,23,76067,39.4389156927446,"30"
"811",2018-04-01,"45-54","females","Negative",24,23,29912,80.2353570473389,"24"
"812",2018-04-01,"45-54","females","Positive",40,23,29912,133.725595078898,"40"
"813",2018-04-01,"45-54","females",NA,5,23,29912,16.7156993848623,"5"
"814",2018-04-01,"45-54","males","Negative",14,23,35461,39.4799921040016,"14"
"815",2018-04-01,"45-54","males","Positive",43,23,35461,121.259975748005,"43"
"816",2018-04-01,"45-54","males",NA,14,23,35461,39.4799921040016,"14"
"817",2018-04-01,"55-64","females","Negative",24,23,16974,141.392718275009,"24"
"818",2018-04-01,"55-64","females","Positive",12,23,16974,70.6963591375044,"12"
"819",2018-04-01,"55-64","females",NA,9,23,16974,53.0222693531283,"9"
"820",2018-04-01,"55-64","males","Negative",17,23,16887,100.669153786937,"17"
"821",2018-04-01,"55-64","males","Positive",17,23,16887,100.669153786937,"17"
"822",2018-04-01,"55-64","males",NA,19,23,16887,112.512583644223,"19"
"823",2018-04-01,"65+","females","Negative",64,23,17441,366.951436270856,"64"
"824",2018-04-01,"65+","females","Positive",11,23,17441,63.0697781090534,"11"
"825",2018-04-01,"65+","females",NA,18,23,17441,103.205091451178,"18"
"826",2018-04-01,"65+","males","Negative",51,23,15286,333.638623577129,"51"
"827",2018-04-01,"65+","males","Positive",13,23,15286,85.0451393431898,"13"
"828",2018-04-01,"65+","males",NA,39,23,15286,255.13541802957,"39"
"829",2018-07-01,"15-24","females","Negative",24,24,147299,16.2933896360464,"24"
"830",2018-07-01,"15-24","females","Positive",31,24,147299,21.0456282798933,"31"
"831",2018-07-01,"15-24","females",NA,19,24,147299,12.8989334618701,"19"
"832",2018-07-01,"15-24","males","Negative",41,24,139501,29.3904703192092,"41"
"833",2018-07-01,"15-24","males","Positive",19,24,139501,13.6199740503652,"19"
"834",2018-07-01,"15-24","males",NA,13,24,139501,9.31892961340779,"13"
"835",2018-07-01,"25-34","females","Negative",22,24,104626,21.0272781144266,"22"
"836",2018-07-01,"25-34","females","Positive",61,24,104626,58.302907499092,"61"
"837",2018-07-01,"25-34","females",NA,14,24,104626,13.380995163726,"14"
"838",2018-07-01,"25-34","males","Negative",46,24,97633,47.1152171909088,"46"
"839",2018-07-01,"25-34","males","Positive",50,24,97633,51.2121925988139,"50"
"840",2018-07-01,"25-34","males",NA,13,24,97633,13.3151700756916,"13"
"841",2018-07-01,"35-44","females","Negative",18,24,70100,25.6776034236805,"18"
"842",2018-07-01,"35-44","females","Positive",90,24,70100,128.388017118402,"90"
"843",2018-07-01,"35-44","females",NA,13,24,70100,18.5449358059914,"13"
"844",2018-07-01,"35-44","males","Negative",49,24,76797,63.8045756995716,"49"
"845",2018-07-01,"35-44","males","Positive",109,24,76797,141.932627576598,"109"
"846",2018-07-01,"35-44","males",NA,17,24,76797,22.1362813651575,"17"
"847",2018-07-01,"45-54","females","Negative",13,24,30137,43.1363440289345,"13"
"848",2018-07-01,"45-54","females","Positive",49,24,30137,162.590835185984,"49"
"849",2018-07-01,"45-54","females",NA,8,24,30137,26.5454424793443,"8"
"850",2018-07-01,"45-54","males","Negative",28,24,35790,78.2341436155351,"28"
"851",2018-07-01,"45-54","males","Positive",74,24,35790,206.761665269628,"74"
"852",2018-07-01,"45-54","males",NA,5,24,35790,13.9703827884884,"5"
"853",2018-07-01,"55-64","females","Negative",29,24,17073,169.858841445557,"29"
"854",2018-07-01,"55-64","females","Positive",17,24,17073,99.5724242956715,"17"
"855",2018-07-01,"55-64","females",NA,8,24,17073,46.8576114332572,"8"
"856",2018-07-01,"55-64","males","Negative",43,24,16945,253.762171732074,"43"
"857",2018-07-01,"55-64","males","Positive",25,24,16945,147.536146355857,"25"
"858",2018-07-01,"55-64","males",NA,7,24,16945,41.31012097964,"7"
"859",2018-07-01,"65+","females","Negative",51,24,17575,290.184921763869,"51"
"860",2018-07-01,"65+","females","Positive",15,24,17575,85.348506401138,"15"
"861",2018-07-01,"65+","females",NA,33,24,17575,187.766714082504,"33"
"862",2018-07-01,"65+","males","Negative",67,24,15397,435.149704487887,"67"
"863",2018-07-01,"65+","males","Positive",16,24,15397,103.916347340391,"16"
"864",2018-07-01,"65+","males",NA,16,24,15397,103.916347340391,"16"
"865",2018-10-01,"15-24","females","Negative",29,25,148059,19.5867863486853,"29"
"866",2018-10-01,"15-24","females","Positive",37,25,148059,24.9900377552192,"37"
"867",2018-10-01,"15-24","females",NA,7,25,148059,4.72784498071715,"7"
"868",2018-10-01,"15-24","males","Negative",32,25,140370,22.796893923203,"32"
"869",2018-10-01,"15-24","males","Positive",16,25,140370,11.3984469616015,"16"
"870",2018-10-01,"15-24","males",NA,41,25,140370,29.2085203391038,"41"
"871",2018-10-01,"25-34","females","Negative",31,25,105054,29.5086336550726,"31"
"872",2018-10-01,"25-34","females","Positive",88,25,105054,83.7664439240771,"88"
"873",2018-10-01,"25-34","females",NA,12,25,105054,11.4226968987378,"12"
"874",2018-10-01,"25-34","males","Negative",26,25,97666,26.6213421252022,"26"
"875",2018-10-01,"25-34","males","Positive",61,25,97666,62.4577642168206,"61"
"876",2018-10-01,"25-34","males",NA,30,25,97666,30.7169332213872,"30"
"877",2018-10-01,"35-44","females","Negative",22,25,70898,31.0304945132444,"22"
"878",2018-10-01,"35-44","females","Positive",85,25,70898,119.89054698299,"85"
"879",2018-10-01,"35-44","females",NA,5,25,70898,7.05238511664645,"5"
"880",2018-10-01,"35-44","males","Negative",28,25,77534,36.1131890525447,"28"
"881",2018-10-01,"35-44","males","Positive",117,25,77534,150.901539969562,"117"
"882",2018-10-01,"35-44","males",NA,34,25,77534,43.8517295638043,"34"
"883",2018-10-01,"45-54","females","Negative",20,25,30365,65.865305450354,"20"
"884",2018-10-01,"45-54","females","Positive",31,25,30365,102.091223448049,"31"
"885",2018-10-01,"45-54","females",NA,11,25,30365,36.2259179976947,"11"
"886",2018-10-01,"45-54","males","Negative",12,25,36121,33.2216716037762,"12"
"887",2018-10-01,"45-54","males","Positive",50,25,36121,138.423631682401,"50"
"888",2018-10-01,"45-54","males",NA,22,25,36121,60.9063979402564,"22"
"889",2018-10-01,"55-64","females","Negative",26,25,17173,151.400454201363,"26"
"890",2018-10-01,"55-64","females","Positive",12,25,17173,69.8771327083212,"12"
"891",2018-10-01,"55-64","females",NA,5,25,17173,29.1154719618005,"5"
"892",2018-10-01,"55-64","males","Negative",17,25,17003,99.9823560548139,"17"
"893",2018-10-01,"55-64","males","Positive",15,25,17003,88.2197259307181,"15"
"894",2018-10-01,"55-64","males",NA,18,25,17003,105.863671116862,"18"
"895",2018-10-01,"65+","females","Negative",77,25,17710,434.782608695652,"77"
"896",2018-10-01,"65+","females","Positive",13,25,17710,73.4048560135517,"13"
"897",2018-10-01,"65+","females",NA,18,25,17710,101.637492941841,"18"
"898",2018-10-01,"65+","males","Negative",35,25,15509,225.675414275582,"35"
"899",2018-10-01,"65+","males","Positive",12,25,15509,77.3744277516281,"12"
"900",2018-10-01,"65+","males",NA,53,25,15509,341.737055903024,"53"
"901",2019-01-01,"15-24","females","Negative",55,26,148832,36.9544184046442,"55"
"902",2019-01-01,"15-24","females","Positive",39,26,148832,26.204042141475,"39"
"903",2019-01-01,"15-24","females",NA,9,26,148832,6.04708664803268,"9"
"904",2019-01-01,"15-24","males","Negative",27,26,141252,19.1147735961261,"27"
"905",2019-01-01,"15-24","males","Positive",10,26,141252,7.07954577634299,"10"
"906",2019-01-01,"15-24","males",NA,48,26,141252,33.9818197264464,"48"
"907",2019-01-01,"25-34","females","Negative",44,26,105489,41.7105101005792,"44"
"908",2019-01-01,"25-34","females","Positive",63,26,105489,59.7218667349202,"63"
"909",2019-01-01,"25-34","females",NA,18,26,105489,17.0633904956915,"18"
"910",2019-01-01,"25-34","males","Negative",25,26,97698,25.5890601649983,"25"
"911",2019-01-01,"25-34","males","Positive",44,26,97698,45.0367458903969,"44"
"912",2019-01-01,"25-34","males",NA,41,26,97698,41.9660586705971,"41"
"913",2019-01-01,"35-44","females","Negative",24,26,71705,33.4704692838714,"24"
"914",2019-01-01,"35-44","females","Positive",76,26,71705,105.989819398926,"76"
"915",2019-01-01,"35-44","females",NA,12,26,71705,16.7352346419357,"12"
"916",2019-01-01,"35-44","males","Negative",16,26,78280,20.4394481349004,"16"
"917",2019-01-01,"35-44","males","Positive",84,26,78280,107.307102708227,"84"
"918",2019-01-01,"35-44","males",NA,43,26,78280,54.9310168625447,"43"
"919",2019-01-01,"45-54","females","Negative",23,26,30596,75.1732252582037,"23"
"920",2019-01-01,"45-54","females","Positive",38,26,30596,124.199241730945,"38"
"921",2019-01-01,"45-54","females",NA,10,26,30596,32.6840109818277,"10"
"922",2019-01-01,"45-54","males","Negative",8,26,36457,21.9436596538388,"8"
"923",2019-01-01,"45-54","males","Positive",40,26,36457,109.718298269194,"40"
"924",2019-01-01,"45-54","males",NA,27,26,36457,74.0598513317058,"27"
"925",2019-01-01,"55-64","females","Negative",32,26,17274,185.249507930995,"32"
"926",2019-01-01,"55-64","females","Positive",17,26,17274,98.4138010883409,"17"
"927",2019-01-01,"55-64","females",NA,11,26,17274,63.6795183512794,"11"
"928",2019-01-01,"55-64","males","Negative",8,26,17062,46.8878208885242,"8"
"929",2019-01-01,"55-64","males","Positive",14,26,17062,82.0536865549174,"14"
"930",2019-01-01,"55-64","males",NA,30,26,17062,175.829328331966,"30"
"931",2019-01-01,"65+","females","Negative",59,26,17847,330.58777385555,"59"
"932",2019-01-01,"65+","females","Positive",7,26,17847,39.2222782540483,"7"
"933",2019-01-01,"65+","females",NA,32,26,17847,179.301843447078,"32"
"934",2019-01-01,"65+","males","Negative",21,26,15623,134.417205402291,"21"
"935",2019-01-01,"65+","males","Positive",10,26,15623,64.0081930487102,"10"
"936",2019-01-01,"65+","males",NA,48,26,15623,307.239326633809,"48"
"937",2019-04-01,"15-24","females","Negative",50,27,149605,33.4213428695565,"50"
"938",2019-04-01,"15-24","females","Positive",32,27,149605,21.3896594365162,"32"
"939",2019-04-01,"15-24","females",NA,13,27,149605,8.68954914608469,"13"
"940",2019-04-01,"15-24","males","Negative",32,27,142134,22.5139656943448,"32"
"941",2019-04-01,"15-24","males","Positive",9,27,142134,6.33205285153447,"9"
"942",2019-04-01,"15-24","males",NA,18,27,142134,12.6641057030689,"18"
"943",2019-04-01,"25-34","females","Negative",33,27,105924,31.1544125977116,"33"
"944",2019-04-01,"25-34","females","Positive",74,27,105924,69.8614100675956,"74"
"945",2019-04-01,"25-34","females",NA,13,27,105924,12.2729504172803,"13"
"946",2019-04-01,"25-34","males","Negative",27,27,97730,27.6271359869027,"27"
"947",2019-04-01,"25-34","males","Positive",21,27,97730,21.4877724342576,"21"
"948",2019-04-01,"25-34","males",NA,20,27,97730,20.4645451754835,"20"
"949",2019-04-01,"35-44","females","Negative",27,27,72512,37.2352162400706,"27"
"950",2019-04-01,"35-44","females","Positive",60,27,72512,82.7449249779347,"60"
"951",2019-04-01,"35-44","females",NA,10,27,72512,13.7908208296558,"10"
"952",2019-04-01,"35-44","males","Negative",21,27,79026,26.5735327613697,"21"
"953",2019-04-01,"35-44","males","Positive",39,27,79026,49.3508465568294,"39"
"954",2019-04-01,"35-44","males",NA,10,27,79026,12.6540632196998,"10"
"955",2019-04-01,"45-54","females","Negative",30,27,30827,97.3172867940442,"30"
"956",2019-04-01,"45-54","females","Positive",21,27,30827,68.1221007558309,"21"
"957",2019-04-01,"45-54","females",NA,NA,27,30827,NA,"<5"
"958",2019-04-01,"45-54","males","Negative",10,27,36793,27.1790829777403,"10"
"959",2019-04-01,"45-54","males","Positive",41,27,36793,111.434240208735,"41"
"960",2019-04-01,"45-54","males",NA,17,27,36793,46.2044410621586,"17"
"961",2019-04-01,"55-64","females","Negative",34,27,17375,195.68345323741,"34"
"962",2019-04-01,"55-64","females","Positive",16,27,17375,92.0863309352518,"16"
"963",2019-04-01,"55-64","females",NA,NA,27,17375,NA,"<5"
"964",2019-04-01,"55-64","males","Negative",7,27,17121,40.885462297763,"7"
"965",2019-04-01,"55-64","males","Positive",14,27,17121,81.770924595526,"14"
"966",2019-04-01,"55-64","males",NA,12,27,17121,70.0893639390223,"12"
"967",2019-04-01,"65+","females","Negative",72,27,17984,400.355871886121,"72"
"968",2019-04-01,"65+","females","Positive",7,27,17984,38.923487544484,"7"
"969",2019-04-01,"65+","females",NA,22,27,17984,122.330960854093,"22"
"970",2019-04-01,"65+","males","Negative",38,27,15737,241.469149138972,"38"
"971",2019-04-01,"65+","males","Positive",9,27,15737,57.1900616381775,"9"
"972",2019-04-01,"65+","males",NA,27,27,15737,171.570184914533,"27"
"973",2019-07-01,"15-24","females","Negative",51,28,150378,33.9145353708654,"51"
"974",2019-07-01,"15-24","females","Positive",29,28,150378,19.2847357991196,"29"
"975",2019-07-01,"15-24","females",NA,NA,28,150378,NA,"<5"
"976",2019-07-01,"15-24","males","Negative",26,28,143016,18.1797840801029,"26"
"977",2019-07-01,"15-24","males","Positive",7,28,143016,4.8945572523354,"7"
"978",2019-07-01,"15-24","males",NA,25,28,143016,17.4805616154836,"25"
"979",2019-07-01,"25-34","females","Negative",46,28,106359,43.2497484933104,"46"
"980",2019-07-01,"25-34","females","Positive",86,28,106359,80.8582254440151,"86"
"981",2019-07-01,"25-34","females",NA,NA,28,106359,NA,"<5"
"982",2019-07-01,"25-34","males","Negative",44,28,97762,45.0072625355455,"44"
"983",2019-07-01,"25-34","males","Positive",38,28,97762,38.8699085534257,"38"
"984",2019-07-01,"25-34","males",NA,28,28,97762,28.6409852498926,"28"
"985",2019-07-01,"35-44","females","Negative",37,28,73319,50.4644089526589,"37"
"986",2019-07-01,"35-44","females","Positive",76,28,73319,103.656623794651,"76"
"987",2019-07-01,"35-44","females",NA,7,28,73319,9.5473206126652,"7"
"988",2019-07-01,"35-44","males","Negative",22,28,79772,27.5785990071704,"22"
"989",2019-07-01,"35-44","males","Positive",56,28,79772,70.2000702000702,"56"
"990",2019-07-01,"35-44","males",NA,28,28,79772,35.1000351000351,"28"
"991",2019-07-01,"45-54","females","Negative",34,28,31058,109.472599652263,"34"
"992",2019-07-01,"45-54","females","Positive",27,28,31058,86.9341232532681,"27"
"993",2019-07-01,"45-54","females",NA,NA,28,31058,NA,"<5"
"994",2019-07-01,"45-54","males","Negative",12,28,37129,32.3197500605995,"12"
"995",2019-07-01,"45-54","males","Positive",34,28,37129,91.5726251716987,"34"
"996",2019-07-01,"45-54","males",NA,23,28,37129,61.9461876161491,"23"
"997",2019-07-01,"55-64","females","Negative",44,28,17476,251.773861295491,"44"
"998",2019-07-01,"55-64","females","Positive",20,28,17476,114.442664225223,"20"
"999",2019-07-01,"55-64","females",NA,12,28,17476,68.6655985351339,"12"
"1000",2019-07-01,"55-64","males","Negative",19,28,17180,110.593713620489,"19"
"1001",2019-07-01,"55-64","males","Positive",18,28,17180,104.77299185099,"18"
"1002",2019-07-01,"55-64","males",NA,20,28,17180,116.414435389988,"20"
"1003",2019-07-01,"65+","females","Negative",103,28,18121,568.401302356382,"103"
"1004",2019-07-01,"65+","females","Positive",5,28,18121,27.5922962308923,"5"
"1005",2019-07-01,"65+","females",NA,22,28,18121,121.406103415926,"22"
"1006",2019-07-01,"65+","males","Negative",44,28,15851,277.585010409438,"44"
"1007",2019-07-01,"65+","males","Positive",7,28,15851,44.1612516560469,"7"
"1008",2019-07-01,"65+","males",NA,44,28,15851,277.585010409438,"44"
